supplier_id,supplier_name,lead_time_days,reliability_score
SUP1861,Supplier_1861,30,1.0
SUP0354,Supplier_354,17,0.18
SUP1334,Supplier_1334,6,0.38
SUP0906,Supplier_906,23,0.59
SUP1290,Supplier_1290,6,0.64
SUP1274,Supplier_1274,17,0.6
SUP0939,Supplier_939,13,0.97
SUP1732,Supplier_1732,17,0.21
SUP0066,Supplier_66,14,0.05
SUP1324,Supplier_1324,2,0.39
SUP0057,Supplier_57,19,0.85
SUP1293,Supplier_1293,4,0.83
SUP1119,Supplier_1119,5,0.41
SUP0585,Supplier_585,9,0.06
SUP0375,Supplier_375,1,0.16
SUP0276,Supplier_276,17,0.84
SUP0747,Supplier_747,17,0.07
SUP0129,Supplier_129,15,0.07
SUP1647,Supplier_1647,23,0.22
SUP1853,Supplier_1853,7,0.76
SUP0675,Supplier_675,11,0.48
SUP1665,Supplier_1665,3,0.47
SUP1982,Supplier_1982,29,0.2
SUP1084,Supplier_1084,2,0.82
SUP1923,Supplier_1923,23,0.31
SUP0100,Supplier_100,2,0.0
SUP1180,Supplier_1180,23,0.57
SUP0965,Supplier_965,1,0.73
SUP0793,Supplier_793,5,0.98
SUP0030,Supplier_30,21,0.05
SUP0629,Supplier_629,16,0.67
SUP0945,Supplier_945,3,0.85
SUP0573,Supplier_573,17,0.02
SUP0908,Supplier_908,11,0.7
SUP1081,Supplier_1081,20,0.65
SUP0451,Supplier_451,30,0.9
SUP1610,Supplier_1610,18,0.09
SUP1291,Supplier_1291,26,0.74
SUP1079,Supplier_1079,17,0.99
SUP0255,Supplier_255,24,0.59
SUP0125,Supplier_125,28,0.77
SUP1928,Supplier_1928,7,0.95
SUP0252,Supplier_252,19,0.16
SUP0586,Supplier_586,12,0.12
SUP1569,Supplier_1569,1,0.25
SUP0825,Supplier_825,16,0.28
SUP0508,Supplier_508,13,0.87
SUP0890,Supplier_890,3,0.73
SUP0071,Supplier_71,21,0.99
SUP1609,Supplier_1609,19,0.58
SUP1533,Supplier_1533,15,0.16
SUP0248,Supplier_248,9,0.6
SUP1451,Supplier_1451,8,0.73
SUP0213,Supplier_213,2,0.57
SUP0910,Supplier_910,10,0.78
SUP1742,Supplier_1742,22,0.39
SUP1245,Supplier_1245,6,0.88
SUP1697,Supplier_1697,15,0.5
SUP1183,Supplier_1183,15,0.22
SUP0362,Supplier_362,27,0.02
SUP1474,Supplier_1474,6,0.94
SUP0679,Supplier_679,1,0.25
SUP1622,Supplier_1622,6,0.95
SUP1090,Supplier_1090,11,0.72
SUP1988,Supplier_1988,12,0.63
SUP1848,Supplier_1848,29,0.19
SUP0988,Supplier_988,17,0.14
SUP1513,Supplier_1513,22,0.21
SUP0112,Supplier_112,30,0.13
SUP1488,Supplier_1488,1,0.58
SUP1454,Supplier_1454,15,0.03
SUP0384,Supplier_384,20,0.37
SUP1396,Supplier_1396,23,0.73
SUP1055,Supplier_1055,30,0.12
SUP0756,Supplier_756,17,0.01
SUP0325,Supplier_325,3,0.23
SUP1624,Supplier_1624,4,0.74
SUP0788,Supplier_788,10,0.88
SUP0369,Supplier_369,16,0.53
SUP1820,Supplier_1820,22,0.3
SUP0070,Supplier_70,26,0.89
SUP0858,Supplier_858,8,0.17
SUP1484,Supplier_1484,8,0.02
SUP1556,Supplier_1556,11,0.91
SUP1692,Supplier_1692,29,0.54
SUP1475,Supplier_1475,8,0.82
SUP1799,Supplier_1799,21,0.72
SUP0479,Supplier_479,3,0.92
SUP0282,Supplier_282,22,0.74
SUP1648,Supplier_1648,3,0.64
SUP1557,Supplier_1557,27,0.94
SUP1730,Supplier_1730,18,0.92
SUP0211,Supplier_211,22,0.15
SUP0298,Supplier_298,24,0.47
SUP1885,Supplier_1885,17,0.45
SUP1834,Supplier_1834,27,0.93
SUP0652,Supplier_652,1,0.62
SUP1234,Supplier_1234,27,0.28
SUP1503,Supplier_1503,17,0.4
SUP1932,Supplier_1932,10,0.68
SUP0917,Supplier_917,21,0.44
SUP0994,Supplier_994,23,0.75
SUP0430,Supplier_430,8,0.17
SUP1371,Supplier_1371,14,0.03
SUP0240,Supplier_240,20,0.94
SUP0880,Supplier_880,29,0.83
SUP0621,Supplier_621,15,0.31
SUP0257,Supplier_257,27,0.48
SUP0612,Supplier_612,16,0.32
SUP0545,Supplier_545,11,0.27
SUP0772,Supplier_772,21,0.04
SUP1420,Supplier_1420,27,0.51
SUP1042,Supplier_1042,21,0.36
SUP1790,Supplier_1790,30,0.03
SUP0760,Supplier_760,9,0.96
SUP0383,Supplier_383,8,0.98
SUP1104,Supplier_1104,4,0.11
SUP0974,Supplier_974,27,0.42
SUP0353,Supplier_353,28,0.22
SUP1606,Supplier_1606,30,0.05
SUP1826,Supplier_1826,15,0.73
SUP1037,Supplier_1037,16,0.52
SUP1108,Supplier_1108,25,0.17
SUP0495,Supplier_495,9,0.77
SUP0394,Supplier_394,14,0.94
SUP1547,Supplier_1547,11,0.34
SUP0465,Supplier_465,3,0.58
SUP0887,Supplier_887,28,0.06
SUP1194,Supplier_1194,5,0.91
SUP0367,Supplier_367,19,0.52
SUP1894,Supplier_1894,25,0.03
SUP1874,Supplier_1874,25,0.63
SUP0745,Supplier_745,30,0.55
SUP0530,Supplier_530,19,0.34
SUP0803,Supplier_803,10,0.11
SUP1224,Supplier_1224,17,0.62
SUP1979,Supplier_1979,7,0.56
SUP1906,Supplier_1906,17,0.48
SUP1700,Supplier_1700,11,0.42
SUP1545,Supplier_1545,25,0.58
SUP1314,Supplier_1314,18,0.23
SUP0307,Supplier_307,22,0.41
SUP1667,Supplier_1667,14,0.67
SUP0863,Supplier_863,3,0.51
SUP1567,Supplier_1567,21,0.68
SUP0531,Supplier_531,25,0.91
SUP0655,Supplier_655,13,0.17
SUP1260,Supplier_1260,19,0.72
SUP0234,Supplier_234,1,0.12
SUP0121,Supplier_121,26,0.17
SUP1698,Supplier_1698,5,0.23
SUP0950,Supplier_950,5,0.32
SUP0618,Supplier_618,14,0.93
SUP1179,Supplier_1179,15,0.79
SUP0308,Supplier_308,11,0.07
SUP0136,Supplier_136,1,0.38
SUP0555,Supplier_555,7,0.45
SUP1674,Supplier_1674,5,0.56
SUP0584,Supplier_584,23,0.16
SUP1641,Supplier_1641,18,0.37
SUP0671,Supplier_671,1,0.4
SUP0835,Supplier_835,4,0.54
SUP0110,Supplier_110,28,0.01
SUP1165,Supplier_1165,26,0.73
SUP1960,Supplier_1960,1,0.21
SUP1465,Supplier_1465,11,0.2
SUP1729,Supplier_1729,17,0.46
SUP1243,Supplier_1243,22,0.82
SUP0212,Supplier_212,28,0.1
SUP1768,Supplier_1768,23,0.9
SUP1121,Supplier_1121,28,0.9
SUP0680,Supplier_680,1,0.13
SUP1951,Supplier_1951,15,0.43
SUP1839,Supplier_1839,26,0.06
SUP0412,Supplier_412,7,0.9
SUP1325,Supplier_1325,20,0.53
SUP0783,Supplier_783,16,0.5
SUP1346,Supplier_1346,24,0.17
SUP0875,Supplier_875,6,0.15
SUP1653,Supplier_1653,8,0.88
SUP1279,Supplier_1279,30,0.75
SUP0786,Supplier_786,13,0.67
SUP1819,Supplier_1819,22,0.36
SUP1199,Supplier_1199,17,0.17
SUP0808,Supplier_808,6,0.15
SUP0713,Supplier_713,29,0.08
SUP1991,Supplier_1991,24,0.14
SUP1660,Supplier_1660,1,0.15
SUP1191,Supplier_1191,15,0.03
SUP1226,Supplier_1226,19,0.45
SUP0603,Supplier_603,29,0.4
SUP0271,Supplier_271,3,0.08
SUP1385,Supplier_1385,19,0.68
SUP0232,Supplier_232,7,0.67
SUP0050,Supplier_50,19,0.89
SUP0463,Supplier_463,14,0.93
SUP1106,Supplier_1106,4,0.0
SUP0856,Supplier_856,20,0.18
SUP0694,Supplier_694,23,0.27
SUP1552,Supplier_1552,27,0.13
SUP1873,Supplier_1873,10,0.27
SUP0527,Supplier_527,2,0.34
SUP0174,Supplier_174,5,0.16
SUP0721,Supplier_721,10,0.45
SUP0415,Supplier_415,1,0.87
SUP0238,Supplier_238,30,0.61
SUP1473,Supplier_1473,6,0.01
SUP1336,Supplier_1336,3,0.39
SUP1064,Supplier_1064,24,0.98
SUP0024,Supplier_24,24,0.06
SUP1767,Supplier_1767,12,0.0
SUP0064,Supplier_64,25,0.01
SUP0290,Supplier_290,21,0.61
SUP0189,Supplier_189,10,0.61
SUP0702,Supplier_702,30,0.65
SUP1815,Supplier_1815,2,0.3
SUP1138,Supplier_1138,27,0.02
SUP0355,Supplier_355,2,0.09
SUP0417,Supplier_417,12,0.3
SUP1246,Supplier_1246,6,0.57
SUP0931,Supplier_931,4,0.47
SUP0197,Supplier_197,4,0.43
SUP0580,Supplier_580,5,0.79
SUP1135,Supplier_1135,14,0.41
SUP1814,Supplier_1814,22,0.26
SUP1935,Supplier_1935,14,0.82
SUP0434,Supplier_434,21,0.54
SUP0101,Supplier_101,10,0.56
SUP1655,Supplier_1655,25,0.55
SUP0395,Supplier_395,18,0.83
SUP1939,Supplier_1939,28,0.94
SUP0221,Supplier_221,28,0.53
SUP1676,Supplier_1676,21,0.2
SUP1498,Supplier_1498,5,0.15
SUP1785,Supplier_1785,13,0.42
SUP0345,Supplier_345,3,0.56
SUP1028,Supplier_1028,1,0.19
SUP0889,Supplier_889,4,0.77
SUP1351,Supplier_1351,3,0.14
SUP0553,Supplier_553,12,0.36
SUP0744,Supplier_744,9,0.41
SUP1542,Supplier_1542,9,0.72
SUP0539,Supplier_539,17,0.62
SUP0907,Supplier_907,25,0.59
SUP1395,Supplier_1395,15,0.78
SUP0116,Supplier_116,13,0.84
SUP0830,Supplier_830,17,0.74
SUP1938,Supplier_1938,12,0.31
SUP0809,Supplier_809,7,0.34
SUP1311,Supplier_1311,3,0.54
SUP1005,Supplier_1005,14,0.76
SUP0306,Supplier_306,6,0.51
SUP1101,Supplier_1101,22,0.25
SUP0480,Supplier_480,8,0.42
SUP1424,Supplier_1424,25,0.3
SUP1076,Supplier_1076,24,0.92
SUP0571,Supplier_571,30,0.12
SUP0619,Supplier_619,28,0.58
SUP1898,Supplier_1898,26,0.67
SUP1266,Supplier_1266,2,0.83
SUP0079,Supplier_79,29,0.86
SUP1912,Supplier_1912,7,0.12
SUP0033,Supplier_33,26,0.96
SUP1538,Supplier_1538,20,0.4
SUP1034,Supplier_1034,27,0.64
SUP1563,Supplier_1563,25,0.04
SUP0352,Supplier_352,20,0.64
SUP0164,Supplier_164,24,0.31
SUP0204,Supplier_204,11,0.72
SUP1054,Supplier_1054,18,0.86
SUP1365,Supplier_1365,3,0.44
SUP1967,Supplier_1967,23,0.79
SUP0496,Supplier_496,11,0.56
SUP1625,Supplier_1625,1,0.33
SUP1966,Supplier_1966,2,0.78
SUP1963,Supplier_1963,10,0.78
SUP0611,Supplier_611,26,0.82
SUP0433,Supplier_433,2,0.5
SUP1492,Supplier_1492,11,0.87
SUP0219,Supplier_219,6,0.94
SUP1931,Supplier_1931,27,0.81
SUP1466,Supplier_1466,27,0.99
SUP0631,Supplier_631,26,0.48
SUP1382,Supplier_1382,7,0.71
SUP1302,Supplier_1302,26,0.81
SUP0060,Supplier_60,9,0.93
SUP0299,Supplier_299,27,0.84
SUP1711,Supplier_1711,30,0.46
SUP0074,Supplier_74,28,0.52
SUP0163,Supplier_163,30,0.44
SUP1275,Supplier_1275,30,0.55
SUP1594,Supplier_1594,30,0.37
SUP1434,Supplier_1434,2,0.46
SUP1613,Supplier_1613,19,0.82
SUP0592,Supplier_592,15,0.51
SUP0317,Supplier_317,29,0.31
SUP0046,Supplier_46,30,0.46
SUP1720,Supplier_1720,12,0.39
SUP1832,Supplier_1832,17,0.05
SUP0428,Supplier_428,19,0.01
SUP0582,Supplier_582,21,0.61
SUP0077,Supplier_77,7,0.66
SUP1917,Supplier_1917,9,0.56
SUP1415,Supplier_1415,29,0.68
SUP0781,Supplier_781,21,0.93
SUP1920,Supplier_1920,8,0.53
SUP1174,Supplier_1174,27,0.53
SUP1320,Supplier_1320,12,0.89
SUP0938,Supplier_938,20,0.79
SUP0031,Supplier_31,1,0.38
SUP1092,Supplier_1092,16,0.91
SUP1616,Supplier_1616,2,0.1
SUP1230,Supplier_1230,6,0.85
SUP0975,Supplier_975,27,0.09
SUP1085,Supplier_1085,6,0.88
SUP0515,Supplier_515,20,0.64
SUP1551,Supplier_1551,18,0.83
SUP1568,Supplier_1568,24,0.14
SUP1811,Supplier_1811,7,0.89
SUP1574,Supplier_1574,26,0.68
SUP0045,Supplier_45,15,0.9
SUP1687,Supplier_1687,19,0.64
SUP0169,Supplier_169,22,0.87
SUP0304,Supplier_304,20,0.63
SUP0991,Supplier_991,6,0.1
SUP0556,Supplier_556,4,0.33
SUP1925,Supplier_1925,18,0.12
SUP0608,Supplier_608,23,0.72
SUP1619,Supplier_1619,17,0.91
SUP0758,Supplier_758,12,0.26
SUP0439,Supplier_439,1,0.11
SUP0583,Supplier_583,30,0.51
SUP1519,Supplier_1519,21,0.45
SUP0528,Supplier_528,23,0.82
SUP0343,Supplier_343,30,0.45
SUP1737,Supplier_1737,13,0.36
SUP0368,Supplier_368,16,0.34
SUP0186,Supplier_186,15,0.46
SUP1117,Supplier_1117,19,0.07
SUP1755,Supplier_1755,18,0.38
SUP1426,Supplier_1426,29,0.52
SUP0301,Supplier_301,6,0.78
SUP1904,Supplier_1904,16,0.55
SUP0833,Supplier_833,13,0.69
SUP0544,Supplier_544,22,0.64
SUP1601,Supplier_1601,30,0.39
SUP0351,Supplier_351,25,0.05
SUP1933,Supplier_1933,7,0.63
SUP1511,Supplier_1511,8,0.22
SUP0979,Supplier_979,2,0.23
SUP0176,Supplier_176,14,0.09
SUP0483,Supplier_483,18,0.37
SUP1413,Supplier_1413,15,0.55
SUP1611,Supplier_1611,1,0.04
SUP0124,Supplier_124,28,0.17
SUP0600,Supplier_600,21,0.57
SUP1795,Supplier_1795,22,0.15
SUP1746,Supplier_1746,26,0.23
SUP1379,Supplier_1379,18,0.84
SUP1186,Supplier_1186,18,0.53
SUP0486,Supplier_486,23,0.0
SUP0332,Supplier_332,8,0.45
SUP0789,Supplier_789,26,0.26
SUP0195,Supplier_195,20,0.33
SUP0638,Supplier_638,30,0.94
SUP0472,Supplier_472,1,0.12
SUP1714,Supplier_1714,21,0.48
SUP0323,Supplier_323,19,0.4
SUP1197,Supplier_1197,7,0.34
SUP0267,Supplier_267,12,0.65
SUP1544,Supplier_1544,20,0.9
SUP1804,Supplier_1804,21,0.14
SUP0068,Supplier_68,26,0.96
SUP1738,Supplier_1738,25,0.7
SUP1593,Supplier_1593,13,0.72
SUP1564,Supplier_1564,7,0.56
SUP0481,Supplier_481,14,0.09
SUP1757,Supplier_1757,10,0.8
SUP1913,Supplier_1913,14,0.8
SUP1441,Supplier_1441,6,0.06
SUP1461,Supplier_1461,19,0.73
SUP0888,Supplier_888,5,0.8
SUP0423,Supplier_423,14,0.38
SUP1675,Supplier_1675,22,0.78
SUP1450,Supplier_1450,29,0.22
SUP0765,Supplier_765,28,0.47
SUP0520,Supplier_520,14,0.27
SUP1432,Supplier_1432,4,0.73
SUP0614,Supplier_614,5,0.15
SUP1531,Supplier_1531,15,0.72
SUP1783,Supplier_1783,7,0.39
SUP1659,Supplier_1659,19,0.21
SUP0454,Supplier_454,21,0.65
SUP0731,Supplier_731,17,0.75
SUP0535,Supplier_535,22,0.6
SUP0966,Supplier_966,18,0.19
SUP1285,Supplier_1285,26,0.5
SUP1740,Supplier_1740,9,0.95
SUP0262,Supplier_262,17,0.87
SUP0536,Supplier_536,26,0.4
SUP0969,Supplier_969,11,0.95
SUP0241,Supplier_241,13,0.95
SUP0820,Supplier_820,29,0.16
SUP0693,Supplier_693,3,0.37
SUP0421,Supplier_421,23,0.61
SUP1086,Supplier_1086,21,0.53
SUP1999,Supplier_1999,20,0.09
SUP0366,Supplier_366,3,0.25
SUP1023,Supplier_1023,22,0.45
SUP1241,Supplier_1241,1,0.82
SUP0589,Supplier_589,26,0.38
SUP0737,Supplier_737,12,0.39
SUP1762,Supplier_1762,17,0.81
SUP0942,Supplier_942,29,0.84
SUP0072,Supplier_72,2,0.06
SUP1408,Supplier_1408,7,0.6
SUP0260,Supplier_260,9,0.47
SUP0052,Supplier_52,23,0.46
SUP0199,Supplier_199,5,0.15
SUP1789,Supplier_1789,28,0.97
SUP0651,Supplier_651,26,0.75
SUP0333,Supplier_333,7,0.59
SUP1360,Supplier_1360,9,0.13
SUP0594,Supplier_594,30,0.28
SUP1392,Supplier_1392,25,0.15
SUP1801,Supplier_1801,19,0.43
SUP1315,Supplier_1315,24,0.38
SUP1112,Supplier_1112,29,0.08
SUP1007,Supplier_1007,19,0.02
SUP1327,Supplier_1327,5,0.17
SUP0427,Supplier_427,13,0.44
SUP1559,Supplier_1559,27,0.38
SUP1294,Supplier_1294,19,0.99
SUP0591,Supplier_591,1,0.24
SUP1958,Supplier_1958,13,0.68
SUP1977,Supplier_1977,3,0.55
SUP1133,Supplier_1133,2,0.38
SUP0986,Supplier_986,6,0.85
SUP0399,Supplier_399,16,0.16
SUP1512,Supplier_1512,9,0.03
SUP0437,Supplier_437,28,0.91
SUP0193,Supplier_193,7,0.16
SUP1436,Supplier_1436,5,0.6
SUP0615,Supplier_615,22,0.22
SUP1494,Supplier_1494,12,0.11
SUP0577,Supplier_577,26,0.67
SUP0987,Supplier_987,28,0.43
SUP1433,Supplier_1433,22,0.89
SUP0707,Supplier_707,4,0.96
SUP1259,Supplier_1259,3,0.3
SUP0142,Supplier_142,17,0.0
SUP1358,Supplier_1358,8,0.15
SUP0003,Supplier_3,29,0.47
SUP1222,Supplier_1222,8,0.45
SUP1870,Supplier_1870,17,0.02
SUP1623,Supplier_1623,19,0.03
SUP0340,Supplier_340,25,0.53
SUP1770,Supplier_1770,10,0.99
SUP1537,Supplier_1537,10,0.27
SUP0484,Supplier_484,15,0.53
SUP0266,Supplier_266,20,0.02
SUP0377,Supplier_377,20,0.73
SUP0742,Supplier_742,25,0.78
SUP1014,Supplier_1014,8,0.75
SUP0440,Supplier_440,5,0.15
SUP0272,Supplier_272,17,0.4
SUP0185,Supplier_185,9,0.19
SUP0940,Supplier_940,28,0.37
SUP0245,Supplier_245,6,0.48
SUP0932,Supplier_932,27,0.01
SUP0446,Supplier_446,3,0.75
SUP0597,Supplier_597,25,0.16
SUP0818,Supplier_818,2,0.88
SUP1273,Supplier_1273,22,0.09
SUP1677,Supplier_1677,14,0.73
SUP0487,Supplier_487,2,0.64
SUP0681,Supplier_681,8,0.42
SUP0416,Supplier_416,16,0.38
SUP0274,Supplier_274,17,0.42
SUP1472,Supplier_1472,8,0.07
SUP1830,Supplier_1830,20,0.52
SUP1455,Supplier_1455,4,0.87
SUP0251,Supplier_251,1,0.04
SUP0414,Supplier_414,17,0.32
SUP1386,Supplier_1386,29,0.24
SUP1308,Supplier_1308,4,0.85
SUP0716,Supplier_716,25,0.25
SUP0311,Supplier_311,1,0.41
SUP0927,Supplier_927,28,0.23
SUP0382,Supplier_382,6,0.66
SUP1566,Supplier_1566,6,0.84
SUP0426,Supplier_426,6,0.55
SUP1875,Supplier_1875,23,0.48
SUP0533,Supplier_533,30,0.26
SUP0753,Supplier_753,13,0.23
SUP0766,Supplier_766,14,0.11
SUP1357,Supplier_1357,29,0.31
SUP0409,Supplier_409,20,0.77
SUP1615,Supplier_1615,18,0.54
SUP0695,Supplier_695,17,0.65
SUP1739,Supplier_1739,7,0.4
SUP0549,Supplier_549,8,0.46
SUP0937,Supplier_937,21,0.28
SUP1390,Supplier_1390,15,0.58
SUP1608,Supplier_1608,8,0.47
SUP1940,Supplier_1940,13,0.85
SUP1482,Supplier_1482,26,0.28
SUP0183,Supplier_183,7,0.91
SUP1941,Supplier_1941,2,0.98
SUP1161,Supplier_1161,15,0.28
SUP0171,Supplier_171,3,0.56
SUP0293,Supplier_293,6,0.66
SUP0562,Supplier_562,3,0.17
SUP1457,Supplier_1457,13,0.63
SUP1877,Supplier_1877,15,0.95
SUP1652,Supplier_1652,29,0.55
SUP0850,Supplier_850,13,0.64
SUP0273,Supplier_273,5,0.22
SUP1550,Supplier_1550,7,0.93
SUP1035,Supplier_1035,25,0.2
SUP1744,Supplier_1744,14,0.77
SUP0372,Supplier_372,24,0.14
SUP1670,Supplier_1670,11,0.24
SUP0722,Supplier_722,5,0.23
SUP0734,Supplier_734,23,0.11
SUP0778,Supplier_778,27,0.39
SUP0519,Supplier_519,16,0.14
SUP0335,Supplier_335,8,0.25
SUP0846,Supplier_846,19,0.47
SUP1252,Supplier_1252,30,0.17
SUP1053,Supplier_1053,2,0.97
SUP1924,Supplier_1924,29,0.48
SUP0016,Supplier_16,21,0.26
SUP0708,Supplier_708,26,0.13
SUP0901,Supplier_901,21,0.2
SUP1980,Supplier_1980,14,0.19
SUP1573,Supplier_1573,22,0.13
SUP0904,Supplier_904,3,0.17
SUP0466,Supplier_466,28,0.09
SUP1978,Supplier_1978,27,0.98
SUP0200,Supplier_200,23,0.46
SUP1207,Supplier_1207,13,0.79
SUP1056,Supplier_1056,15,0.74
SUP1132,Supplier_1132,14,0.23
SUP1380,Supplier_1380,8,0.36
SUP0999,Supplier_999,10,0.98
SUP0728,Supplier_728,16,0.44
SUP1772,Supplier_1772,21,0.49
SUP1910,Supplier_1910,22,0.02
SUP1822,Supplier_1822,24,0.46
SUP0568,Supplier_568,18,0.98
SUP0044,Supplier_44,16,1.0
SUP0275,Supplier_275,24,0.2
SUP1097,Supplier_1097,23,0.58
SUP0102,Supplier_102,30,0.76
SUP1232,Supplier_1232,26,0.83
SUP1722,Supplier_1722,17,0.11
SUP1833,Supplier_1833,30,0.29
SUP0108,Supplier_108,14,0.12
SUP1618,Supplier_1618,28,0.24
SUP0498,Supplier_498,16,0.3
SUP1981,Supplier_1981,20,0.58
SUP0882,Supplier_882,21,0.37
SUP0757,Supplier_757,4,0.26
SUP0620,Supplier_620,5,0.48
SUP1107,Supplier_1107,24,0.68
SUP1936,Supplier_1936,24,0.5
SUP0810,Supplier_810,14,0.41
SUP1038,Supplier_1038,15,0.45
SUP0073,Supplier_73,20,0.88
SUP1284,Supplier_1284,8,0.6
SUP1272,Supplier_1272,6,0.66
SUP1335,Supplier_1335,23,0.01
SUP1459,Supplier_1459,27,0.82
SUP0482,Supplier_482,24,0.82
SUP1069,Supplier_1069,10,0.03
SUP0507,Supplier_507,24,0.24
SUP1238,Supplier_1238,6,0.4
SUP1862,Supplier_1862,6,0.41
SUP1990,Supplier_1990,16,0.69
SUP1477,Supplier_1477,15,0.88
SUP1867,Supplier_1867,12,0.38
SUP1456,Supplier_1456,12,0.53
SUP0312,Supplier_312,9,0.59
SUP0963,Supplier_963,1,0.98
SUP0406,Supplier_406,14,0.29
SUP1331,Supplier_1331,11,0.95
SUP1650,Supplier_1650,23,0.57
SUP0310,Supplier_310,16,0.1
SUP0227,Supplier_227,11,0.98
SUP1858,Supplier_1858,12,0.27
SUP0711,Supplier_711,13,0.94
SUP1944,Supplier_1944,11,0.16
SUP1384,Supplier_1384,14,0.51
SUP1786,Supplier_1786,17,0.85
SUP0149,Supplier_149,10,0.83
SUP1555,Supplier_1555,17,0.57
SUP1957,Supplier_1957,25,0.33
SUP0926,Supplier_926,18,0.06
SUP0943,Supplier_943,13,0.27
SUP0837,Supplier_837,28,0.85
SUP0576,Supplier_576,28,0.24
SUP0558,Supplier_558,13,0.09
SUP1236,Supplier_1236,27,0.44
SUP1361,Supplier_1361,5,0.84
SUP1348,Supplier_1348,9,0.23
SUP1162,Supplier_1162,24,0.82
SUP1443,Supplier_1443,15,0.64
SUP0287,Supplier_287,19,0.59
SUP1605,Supplier_1605,29,0.97
SUP1058,Supplier_1058,19,0.99
SUP0599,Supplier_599,13,0.57
SUP0933,Supplier_933,22,0.28
SUP1462,Supplier_1462,4,0.53
SUP1638,Supplier_1638,23,0.58
SUP1588,Supplier_1588,29,0.0
SUP1041,Supplier_1041,5,0.61
SUP1231,Supplier_1231,20,0.05
SUP0807,Supplier_807,29,0.49
SUP0905,Supplier_905,16,0.7
SUP1680,Supplier_1680,18,0.85
SUP1205,Supplier_1205,25,0.13
SUP0768,Supplier_768,19,0.92
SUP0610,Supplier_610,12,0.21
SUP1993,Supplier_1993,15,0.17
SUP1565,Supplier_1565,20,0.93
SUP1423,Supplier_1423,6,0.49
SUP1011,Supplier_1011,30,0.26
SUP0494,Supplier_494,1,0.91
SUP1321,Supplier_1321,2,0.01
SUP0278,Supplier_278,17,0.96
SUP1847,Supplier_1847,25,0.05
SUP0359,Supplier_359,12,0.4
SUP1111,Supplier_1111,27,0.07
SUP0237,Supplier_237,27,0.62
SUP0552,Supplier_552,12,0.38
SUP1868,Supplier_1868,27,0.41
SUP1813,Supplier_1813,3,0.2
SUP0209,Supplier_209,27,0.72
SUP1387,Supplier_1387,6,0.83
SUP1561,Supplier_1561,22,0.68
SUP0059,Supplier_59,21,0.33
SUP0632,Supplier_632,16,0.51
SUP1962,Supplier_1962,13,0.98
SUP1860,Supplier_1860,19,0.34
SUP1817,Supplier_1817,15,0.03
SUP0364,Supplier_364,9,0.97
SUP0506,Supplier_506,25,0.15
SUP1166,Supplier_1166,28,0.6
SUP1122,Supplier_1122,10,0.23
SUP1630,Supplier_1630,3,0.04
SUP1217,Supplier_1217,4,0.04
SUP1152,Supplier_1152,26,0.53
SUP1125,Supplier_1125,21,0.9
SUP1595,Supplier_1595,23,0.87
SUP0119,Supplier_119,21,0.75
SUP1250,Supplier_1250,30,0.45
SUP1994,Supplier_1994,25,0.93
SUP0523,Supplier_523,23,0.44
SUP0514,Supplier_514,13,0.21
SUP0082,Supplier_82,3,0.87
SUP0916,Supplier_916,28,0.48
SUP1019,Supplier_1019,26,0.28
SUP0381,Supplier_381,4,0.26
SUP1030,Supplier_1030,12,0.36
SUP1689,Supplier_1689,29,0.95
SUP0085,Supplier_85,4,0.16
SUP1678,Supplier_1678,23,0.62
SUP0330,Supplier_330,9,0.67
SUP0007,Supplier_7,29,0.59
SUP0746,Supplier_746,17,0.83
SUP1554,Supplier_1554,27,0.87
SUP0915,Supplier_915,24,0.46
SUP0874,Supplier_874,21,0.64
SUP0452,Supplier_452,29,0.07
SUP0491,Supplier_491,26,0.65
SUP1481,Supplier_1481,12,0.72
SUP0288,Supplier_288,30,0.03
SUP0949,Supplier_949,19,0.35
SUP1986,Supplier_1986,30,0.52
SUP1369,Supplier_1369,19,0.61
SUP1147,Supplier_1147,30,0.84
SUP0706,Supplier_706,7,0.39
SUP1727,Supplier_1727,14,0.52
SUP1702,Supplier_1702,2,0.76
SUP1629,Supplier_1629,7,0.88
SUP1600,Supplier_1600,30,0.04
SUP1539,Supplier_1539,25,0.1
SUP1406,Supplier_1406,6,0.13
SUP1651,Supplier_1651,27,0.66
SUP0328,Supplier_328,7,0.33
SUP0443,Supplier_443,16,0.48
SUP0775,Supplier_775,12,0.1
SUP1088,Supplier_1088,13,0.11
SUP1221,Supplier_1221,15,0.47
SUP1636,Supplier_1636,28,0.13
SUP0178,Supplier_178,1,0.45
SUP1323,Supplier_1323,8,0.03
SUP0705,Supplier_705,9,0.86
SUP0087,Supplier_87,8,0.24
SUP1884,Supplier_1884,21,0.97
SUP1948,Supplier_1948,23,0.19
SUP0458,Supplier_458,9,0.19
SUP1829,Supplier_1829,3,0.82
SUP0055,Supplier_55,3,0.48
SUP1502,Supplier_1502,10,0.86
SUP0644,Supplier_644,5,0.6
SUP0678,Supplier_678,3,0.96
SUP0222,Supplier_222,12,0.88
SUP0114,Supplier_114,21,0.02
SUP0983,Supplier_983,21,0.55
SUP1229,Supplier_1229,5,0.54
SUP1000,Supplier_1000,19,0.79
SUP0175,Supplier_175,15,0.2
SUP0782,Supplier_782,23,0.68
SUP0590,Supplier_590,26,0.35
SUP1560,Supplier_1560,19,0.94
SUP0019,Supplier_19,24,0.88
SUP0424,Supplier_424,30,0.55
SUP1344,Supplier_1344,14,0.56
SUP0286,Supplier_286,1,0.51
SUP1584,Supplier_1584,20,0.48
SUP0429,Supplier_429,22,0.59
SUP1510,Supplier_1510,14,0.55
SUP1319,Supplier_1319,10,0.1
SUP0670,Supplier_670,28,0.79
SUP0032,Supplier_32,12,0.04
SUP0941,Supplier_941,16,0.43
SUP0723,Supplier_723,9,0.89
SUP0995,Supplier_995,5,0.29
SUP0215,Supplier_215,13,0.48
SUP0814,Supplier_814,9,0.11
SUP0327,Supplier_327,20,0.44
SUP0561,Supplier_561,15,0.75
SUP1113,Supplier_1113,18,0.34
SUP0701,Supplier_701,26,0.24
SUP1579,Supplier_1579,7,1.0
SUP1190,Supplier_1190,19,0.96
SUP0342,Supplier_342,23,0.71
SUP0630,Supplier_630,26,0.12
SUP0148,Supplier_148,5,0.53
SUP1310,Supplier_1310,11,0.08
SUP0361,Supplier_361,5,0.69
SUP0084,Supplier_84,17,0.16
SUP0049,Supplier_49,30,0.03
SUP0469,Supplier_469,29,0.98
SUP0156,Supplier_156,8,0.96
SUP0773,Supplier_773,5,0.11
SUP1240,Supplier_1240,25,0.28
SUP1201,Supplier_1201,22,0.45
SUP1403,Supplier_1403,7,0.85
SUP1203,Supplier_1203,30,0.64
SUP1631,Supplier_1631,10,0.4
SUP0501,Supplier_501,10,0.67
SUP1765,Supplier_1765,6,0.4
SUP0180,Supplier_180,26,0.02
SUP1048,Supplier_1048,6,0.36
SUP1756,Supplier_1756,21,0.55
SUP0951,Supplier_951,15,0.77
SUP1317,Supplier_1317,5,0.58
SUP1620,Supplier_1620,18,0.84
SUP0529,Supplier_529,22,0.6
SUP0347,Supplier_347,28,0.03
SUP1388,Supplier_1388,1,0.54
SUP1961,Supplier_1961,16,0.38
SUP1051,Supplier_1051,6,0.31
SUP1973,Supplier_1973,23,0.01
SUP1442,Supplier_1442,13,0.0
SUP0602,Supplier_602,16,0.5
SUP1282,Supplier_1282,15,0.65
SUP0244,Supplier_244,7,0.61
SUP1337,Supplier_1337,30,0.79
SUP1068,Supplier_1068,23,0.09
SUP1476,Supplier_1476,23,0.81
SUP0313,Supplier_313,28,0.58
SUP0436,Supplier_436,1,0.85
SUP1899,Supplier_1899,9,0.16
SUP1329,Supplier_1329,17,0.04
SUP0309,Supplier_309,16,0.44
SUP0431,Supplier_431,27,0.64
SUP0661,Supplier_661,2,0.62
SUP0371,Supplier_371,20,0.13
SUP0567,Supplier_567,13,0.3
SUP0980,Supplier_980,9,0.4
SUP0182,Supplier_182,14,0.29
SUP1363,Supplier_1363,28,0.37
SUP0622,Supplier_622,17,0.61
SUP0819,Supplier_819,5,0.43
SUP1193,Supplier_1193,23,0.08
SUP0953,Supplier_953,2,0.24
SUP1422,Supplier_1422,29,0.75
SUP1841,Supplier_1841,21,0.72
SUP0923,Supplier_923,8,0.91
SUP1074,Supplier_1074,4,0.34
SUP0297,Supplier_297,11,0.38
SUP0967,Supplier_967,15,0.34
SUP0462,Supplier_462,17,0.67
SUP1303,Supplier_1303,14,0.22
SUP1177,Supplier_1177,7,0.43
SUP0378,Supplier_378,11,0.16
SUP0799,Supplier_799,18,0.75
SUP1103,Supplier_1103,8,0.74
SUP0106,Supplier_106,15,0.33
SUP0127,Supplier_127,9,0.47
SUP1996,Supplier_1996,30,0.43
SUP0839,Supplier_839,29,0.83
SUP0356,Supplier_356,1,0.1
SUP1617,Supplier_1617,22,0.69
SUP0683,Supplier_683,11,0.58
SUP0813,Supplier_813,10,0.61
SUP1681,Supplier_1681,7,0.32
SUP0210,Supplier_210,19,0.75
SUP1493,Supplier_1493,12,0.68
SUP0141,Supplier_141,19,0.25
SUP1975,Supplier_1975,13,0.98
SUP1340,Supplier_1340,30,0.85
SUP1798,Supplier_1798,19,0.43
SUP1575,Supplier_1575,28,0.94
SUP1182,Supplier_1182,11,0.25
SUP1394,Supplier_1394,1,0.21
SUP1816,Supplier_1816,23,0.59
SUP0712,Supplier_712,11,0.81
SUP1794,Supplier_1794,28,0.96
SUP0893,Supplier_893,25,0.64
SUP0860,Supplier_860,9,0.39
SUP0011,Supplier_11,19,0.11
SUP1695,Supplier_1695,2,0.69
SUP1428,Supplier_1428,27,0.44
SUP0283,Supplier_283,23,0.77
SUP0811,Supplier_811,13,0.76
SUP1342,Supplier_1342,12,0.84
SUP0292,Supplier_292,26,0.79
SUP0755,Supplier_755,19,0.67
SUP0627,Supplier_627,5,0.95
SUP0944,Supplier_944,14,0.16
SUP0862,Supplier_862,1,0.87
SUP0130,Supplier_130,13,0.85
SUP1176,Supplier_1176,19,0.29
SUP0324,Supplier_324,26,0.24
SUP1091,Supplier_1091,11,0.42
SUP0844,Supplier_844,10,0.76
SUP0964,Supplier_964,22,0.14
SUP1865,Supplier_1865,19,0.54
SUP0866,Supplier_866,30,0.23
SUP0922,Supplier_922,26,0.9
SUP0696,Supplier_696,26,0.5
SUP0216,Supplier_216,30,0.21
SUP1781,Supplier_1781,25,0.62
SUP1262,Supplier_1262,5,0.72
SUP0159,Supplier_159,1,0.91
SUP1059,Supplier_1059,2,0.49
SUP0989,Supplier_989,5,0.66
SUP0842,Supplier_842,7,0.76
SUP0635,Supplier_635,4,0.78
SUP0517,Supplier_517,8,0.63
SUP1429,Supplier_1429,23,0.61
SUP1748,Supplier_1748,29,0.78
SUP0598,Supplier_598,8,0.79
SUP0196,Supplier_196,29,0.59
SUP1784,Supplier_1784,10,0.57
SUP0870,Supplier_870,25,0.6
SUP0411,Supplier_411,8,0.44
SUP0097,Supplier_97,18,0.82
SUP1001,Supplier_1001,17,0.5
SUP1506,Supplier_1506,9,0.27
SUP0157,Supplier_157,12,0.03
SUP0420,Supplier_420,22,0.63
SUP1803,Supplier_1803,29,0.84
SUP0478,Supplier_478,26,0.19
SUP1856,Supplier_1856,18,0.82
SUP0669,Supplier_669,3,0.72
SUP1418,Supplier_1418,30,0.97
SUP1872,Supplier_1872,17,0.52
SUP1300,Supplier_1300,15,0.4
SUP0448,Supplier_448,17,0.52
SUP0554,Supplier_554,5,1.0
SUP0179,Supplier_179,5,0.53
SUP0391,Supplier_391,25,0.8
SUP0579,Supplier_579,26,0.26
SUP1478,Supplier_1478,26,0.7
SUP1707,Supplier_1707,20,0.93
SUP1288,Supplier_1288,12,0.15
SUP1645,Supplier_1645,1,0.34
SUP1024,Supplier_1024,3,0.4
SUP0821,Supplier_821,5,0.56
SUP1825,Supplier_1825,4,0.05
SUP0985,Supplier_985,23,0.23
SUP1339,Supplier_1339,5,0.1
SUP0665,Supplier_665,20,0.22
SUP0143,Supplier_143,8,0.16
SUP1517,Supplier_1517,14,0.72
SUP1430,Supplier_1430,1,0.92
SUP0865,Supplier_865,28,0.1
SUP0422,Supplier_422,22,0.56
SUP0637,Supplier_637,30,0.59
SUP1407,Supplier_1407,3,0.59
SUP0800,Supplier_800,15,0.27
SUP1404,Supplier_1404,19,0.71
SUP0616,Supplier_616,25,0.96
SUP0295,Supplier_295,4,0.28
SUP0924,Supplier_924,26,0.78
SUP1269,Supplier_1269,11,0.26
SUP1903,Supplier_1903,10,0.44
SUP0089,Supplier_89,2,0.11
SUP0042,Supplier_42,28,0.52
SUP1802,Supplier_1802,26,0.33
SUP1934,Supplier_1934,17,0.32
SUP0132,Supplier_132,25,0.68
SUP1002,Supplier_1002,21,0.34
SUP1158,Supplier_1158,29,0.26
SUP1095,Supplier_1095,15,0.61
SUP1855,Supplier_1855,3,0.9
SUP1345,Supplier_1345,21,0.11
SUP1499,Supplier_1499,24,0.71
SUP0165,Supplier_165,5,0.32
SUP0725,Supplier_725,3,0.88
SUP0291,Supplier_291,12,0.6
SUP1209,Supplier_1209,25,0.26
SUP1589,Supplier_1589,8,0.86
SUP1897,Supplier_1897,27,0.21
SUP1642,Supplier_1642,7,0.18
SUP1362,Supplier_1362,14,0.37
SUP0779,Supplier_779,21,0.16
SUP0840,Supplier_840,12,0.01
SUP0349,Supplier_349,26,0.12
SUP1945,Supplier_1945,8,0.19
SUP0572,Supplier_572,19,0.97
SUP0918,Supplier_918,8,0.94
SUP0977,Supplier_977,13,0.55
SUP1914,Supplier_1914,15,0.62
SUP1469,Supplier_1469,11,0.04
SUP1592,Supplier_1592,1,0.42
SUP1318,Supplier_1318,23,0.76
SUP1845,Supplier_1845,17,0.44
SUP0137,Supplier_137,12,0.07
SUP0459,Supplier_459,5,0.17
SUP0376,Supplier_376,24,0.19
SUP1343,Supplier_1343,18,0.58
SUP0334,Supplier_334,18,0.95
SUP1160,Supplier_1160,15,0.57
SUP1761,Supplier_1761,2,0.51
SUP1458,Supplier_1458,2,0.64
SUP0817,Supplier_817,26,0.58
SUP1115,Supplier_1115,26,0.22
SUP1006,Supplier_1006,1,0.75
SUP1857,Supplier_1857,5,0.25
SUP1955,Supplier_1955,29,0.36
SUP1851,Supplier_1851,10,0.64
SUP0911,Supplier_911,16,0.06
SUP1930,Supplier_1930,18,0.88
SUP1126,Supplier_1126,6,0.65
SUP0329,Supplier_329,20,0.45
SUP1248,Supplier_1248,16,0.68
SUP0319,Supplier_319,20,0.86
SUP1690,Supplier_1690,19,0.34
SUP1359,Supplier_1359,11,0.49
SUP1733,Supplier_1733,14,0.01
SUP0168,Supplier_168,8,0.2
SUP0013,Supplier_13,11,0.12
SUP1927,Supplier_1927,20,0.71
SUP0172,Supplier_172,1,0.47
SUP0650,Supplier_650,19,0.48
SUP1062,Supplier_1062,6,0.32
SUP0261,Supplier_261,20,0.74
SUP1367,Supplier_1367,5,0.55
SUP1549,Supplier_1549,2,0.08
SUP0902,Supplier_902,22,0.57
SUP0673,Supplier_673,29,0.35
SUP0259,Supplier_259,24,0.33
SUP0845,Supplier_845,26,0.84
SUP0868,Supplier_868,28,0.05
SUP1800,Supplier_1800,4,0.56
SUP0139,Supplier_139,24,0.37
SUP0894,Supplier_894,18,0.5
SUP1838,Supplier_1838,9,0.59
SUP0550,Supplier_550,21,0.19
SUP0320,Supplier_320,28,0.01
SUP1527,Supplier_1527,22,0.29
SUP1806,Supplier_1806,8,0.9
SUP1178,Supplier_1178,3,0.27
SUP0559,Supplier_559,20,0.96
SUP0140,Supplier_140,11,0.82
SUP1735,Supplier_1735,8,0.83
SUP0532,Supplier_532,26,0.77
SUP0225,Supplier_225,30,0.36
SUP0724,Supplier_724,24,0.45
SUP0787,Supplier_787,21,0.32
SUP1718,Supplier_1718,26,0.99
SUP1008,Supplier_1008,13,0.13
SUP0410,Supplier_410,24,0.93
SUP0326,Supplier_326,19,0.88
SUP1766,Supplier_1766,26,0.89
SUP0300,Supplier_300,17,0.24
SUP1263,Supplier_1263,4,0.86
SUP1946,Supplier_1946,26,0.02
SUP0026,Supplier_26,30,0.84
SUP1859,Supplier_1859,12,0.13
SUP0715,Supplier_715,4,0.93
SUP1010,Supplier_1010,4,0.16
SUP0194,Supplier_194,17,0.65
SUP0441,Supplier_441,28,0.53
SUP0574,Supplier_574,24,0.74
SUP0947,Supplier_947,6,0.62
SUP0998,Supplier_998,10,0.36
SUP0504,Supplier_504,3,0.15
SUP0606,Supplier_606,22,0.67
SUP1717,Supplier_1717,20,0.14
SUP1164,Supplier_1164,14,0.23
SUP1787,Supplier_1787,26,0.9
SUP0847,Supplier_847,7,0.5
SUP0004,Supplier_4,15,0.3
SUP1287,Supplier_1287,13,0.12
SUP1223,Supplier_1223,8,0.47
SUP0468,Supplier_468,20,0.4
SUP0322,Supplier_322,4,0.6
SUP0006,Supplier_6,8,0.72
SUP0223,Supplier_223,12,0.08
SUP1375,Supplier_1375,25,0.48
SUP0548,Supplier_548,1,0.23
SUP0229,Supplier_229,23,0.69
SUP0040,Supplier_40,27,0.53
SUP0543,Supplier_543,15,0.07
SUP0243,Supplier_243,3,0.78
SUP0899,Supplier_899,15,0.74
SUP1134,Supplier_1134,17,0.13
SUP1449,Supplier_1449,15,0.97
SUP1869,Supplier_1869,27,0.75
SUP0843,Supplier_843,27,0.68
SUP1419,Supplier_1419,7,0.95
SUP1654,Supplier_1654,22,0.68
SUP1970,Supplier_1970,2,0.33
SUP0662,Supplier_662,17,0.63
SUP1211,Supplier_1211,10,0.47
SUP0315,Supplier_315,6,0.1
SUP0692,Supplier_692,18,0.04
SUP1504,Supplier_1504,28,0.29
SUP0425,Supplier_425,6,0.6
SUP0595,Supplier_595,22,0.94
SUP1964,Supplier_1964,12,0.73
SUP0623,Supplier_623,30,0.14
SUP1171,Supplier_1171,13,0.34
SUP1044,Supplier_1044,2,0.17
SUP0228,Supplier_228,26,0.2
SUP1118,Supplier_1118,21,0.76
SUP1332,Supplier_1332,15,0.34
SUP1316,Supplier_1316,10,0.45
SUP0067,Supplier_67,18,0.53
SUP0025,Supplier_25,12,0.4
SUP0145,Supplier_145,3,0.94
SUP0537,Supplier_537,26,0.37
SUP0812,Supplier_812,8,0.74
SUP1467,Supplier_1467,5,0.09
SUP0086,Supplier_86,18,0.33
SUP1661,Supplier_1661,28,0.9
SUP1646,Supplier_1646,25,0.74
SUP1805,Supplier_1805,11,0.43
SUP1818,Supplier_1818,24,0.64
SUP1577,Supplier_1577,21,0.48
SUP1145,Supplier_1145,15,0.83
SUP0363,Supplier_363,23,0.32
SUP1612,Supplier_1612,14,0.67
SUP1866,Supplier_1866,5,0.15
SUP1027,Supplier_1027,12,0.2
SUP1031,Supplier_1031,5,0.76
SUP1304,Supplier_1304,6,0.47
SUP1356,Supplier_1356,28,0.4
SUP1731,Supplier_1731,19,0.18
SUP0666,Supplier_666,24,0.17
SUP0365,Supplier_365,9,0.58
SUP0078,Supplier_78,12,0.54
SUP0028,Supplier_28,2,0.83
SUP1437,Supplier_1437,27,0.59
SUP0526,Supplier_526,2,0.02
SUP1835,Supplier_1835,13,0.39
SUP0056,Supplier_56,5,0.04
SUP0639,Supplier_639,5,0.88
SUP0303,Supplier_303,5,0.6
SUP0719,Supplier_719,25,0.5
SUP0625,Supplier_625,30,0.83
SUP0008,Supplier_8,21,0.28
SUP0804,Supplier_804,26,0.69
SUP1050,Supplier_1050,2,0.82
SUP0337,Supplier_337,11,0.38
SUP0048,Supplier_48,15,0.75
SUP1764,Supplier_1764,25,0.25
SUP0107,Supplier_107,8,0.56
SUP0350,Supplier_350,16,0.23
SUP1080,Supplier_1080,28,0.9
SUP0239,Supplier_239,25,0.3
SUP0214,Supplier_214,10,0.02
SUP1776,Supplier_1776,27,0.09
SUP1139,Supplier_1139,9,0.42
SUP0794,Supplier_794,3,0.75
SUP1587,Supplier_1587,28,0.77
SUP1583,Supplier_1583,17,0.87
SUP1672,Supplier_1672,4,0.65
SUP0524,Supplier_524,15,0.45
SUP0233,Supplier_233,30,0.95
SUP0645,Supplier_645,4,0.36
SUP1508,Supplier_1508,19,0.58
SUP0534,Supplier_534,29,0.65
SUP1942,Supplier_1942,3,0.63
SUP0604,Supplier_604,7,0.54
SUP1330,Supplier_1330,9,0.76
SUP1075,Supplier_1075,10,0.3
SUP1305,Supplier_1305,5,0.82
SUP0061,Supplier_61,7,0.74
SUP1264,Supplier_1264,24,0.0
SUP0093,Supplier_93,10,0.96
SUP0667,Supplier_667,12,0.66
SUP0281,Supplier_281,28,0.63
SUP1114,Supplier_1114,29,0.87
SUP0360,Supplier_360,5,0.48
SUP1129,Supplier_1129,9,0.17
SUP1170,Supplier_1170,2,0.33
SUP0848,Supplier_848,30,0.12
SUP1522,Supplier_1522,4,0.64
SUP0111,Supplier_111,25,0.82
SUP0043,Supplier_43,28,0.49
SUP0126,Supplier_126,13,0.71
SUP0205,Supplier_205,29,0.66
SUP0053,Supplier_53,20,0.39
SUP0546,Supplier_546,28,0.59
SUP0069,Supplier_69,9,0.11
SUP1741,Supplier_1741,22,0.97
SUP1548,Supplier_1548,6,0.94
SUP0184,Supplier_184,27,0.97
SUP0138,Supplier_138,8,0.82
SUP0900,Supplier_900,1,0.95
SUP0797,Supplier_797,11,0.05
SUP0133,Supplier_133,7,0.45
SUP0081,Supplier_81,15,0.52
SUP1987,Supplier_1987,21,0.74
SUP1541,Supplier_1541,26,0.78
SUP0542,Supplier_542,6,0.67
SUP1669,Supplier_1669,14,0.99
SUP0984,Supplier_984,16,0.61
SUP0166,Supplier_166,3,0.72
SUP0249,Supplier_249,30,0.78
SUP0447,Supplier_447,17,0.72
SUP1515,Supplier_1515,23,0.76
SUP0859,Supplier_859,29,0.18
SUP1212,Supplier_1212,3,0.98
SUP0098,Supplier_98,26,0.23
SUP1974,Supplier_1974,13,0.45
SUP0738,Supplier_738,17,0.46
SUP1256,Supplier_1256,23,0.67
SUP0103,Supplier_103,4,0.26
SUP0435,Supplier_435,30,0.95
SUP0075,Supplier_75,15,0.91
SUP1792,Supplier_1792,14,0.75
SUP1235,Supplier_1235,24,0.46
SUP0919,Supplier_919,26,0.71
SUP1712,Supplier_1712,9,0.56
SUP1671,Supplier_1671,16,0.53
SUP1621,Supplier_1621,30,0.71
SUP0763,Supplier_763,9,0.32
SUP0990,Supplier_990,5,0.22
SUP0389,Supplier_389,25,0.77
SUP0236,Supplier_236,25,0.59
SUP1507,Supplier_1507,22,0.02
SUP0268,Supplier_268,30,0.33
SUP1188,Supplier_1188,6,0.87
SUP0118,Supplier_118,15,0.18
SUP1607,Supplier_1607,16,0.68
SUP0674,Supplier_674,19,0.53
SUP0250,Supplier_250,5,0.48
SUP1453,Supplier_1453,29,0.93
SUP1995,Supplier_1995,10,0.07
SUP0095,Supplier_95,22,0.88
SUP0034,Supplier_34,22,0.83
SUP1464,Supplier_1464,26,0.99
SUP1668,Supplier_1668,24,0.58
SUP0449,Supplier_449,12,0.82
SUP0717,Supplier_717,21,0.78
SUP1810,Supplier_1810,27,0.82
SUP1518,Supplier_1518,5,0.87
SUP0001,Supplier_1,7,0.73
SUP1376,Supplier_1376,13,0.53
SUP1102,Supplier_1102,16,0.03
SUP1109,Supplier_1109,3,0.66
SUP1227,Supplier_1227,10,0.47
SUP0083,Supplier_83,14,0.25
SUP1289,Supplier_1289,5,0.17
SUP0677,Supplier_677,12,0.39
SUP1921,Supplier_1921,18,0.54
SUP1047,Supplier_1047,7,0.03
SUP0771,Supplier_771,16,0.16
SUP1947,Supplier_1947,23,0.39
SUP1281,Supplier_1281,2,0.65
SUP1581,Supplier_1581,20,0.5
SUP1489,Supplier_1489,15,0.7
SUP0405,Supplier_405,1,0.09
SUP1728,Supplier_1728,23,0.22
SUP1299,Supplier_1299,12,0.08
SUP1341,Supplier_1341,28,0.53
SUP0105,Supplier_105,16,0.08
SUP0689,Supplier_689,2,0.63
SUP1306,Supplier_1306,30,0.07
SUP0827,Supplier_827,1,0.88
SUP0063,Supplier_63,4,0.25
SUP0853,Supplier_853,28,0.14
SUP1354,Supplier_1354,8,0.93
SUP0224,Supplier_224,20,0.82
SUP0146,Supplier_146,1,0.1
SUP1089,Supplier_1089,30,0.09
SUP0374,Supplier_374,24,0.73
SUP1421,Supplier_1421,4,0.09
SUP1143,Supplier_1143,25,0.71
SUP1827,Supplier_1827,20,0.77
SUP1495,Supplier_1495,4,0.84
SUP1602,Supplier_1602,29,0.93
SUP1271,Supplier_1271,15,0.8
SUP0010,Supplier_10,26,0.05
SUP0450,Supplier_450,28,0.43
SUP0709,Supplier_709,21,0.1
SUP0256,Supplier_256,15,0.65
SUP0883,Supplier_883,16,0.12
SUP0390,Supplier_390,3,0.11
SUP0909,Supplier_909,12,0.93
SUP0925,Supplier_925,28,0.01
SUP1704,Supplier_1704,23,0.95
SUP1233,Supplier_1233,2,0.84
SUP0461,Supplier_461,29,0.52
SUP1270,Supplier_1270,4,0.67
SUP1760,Supplier_1760,6,0.18
SUP1169,Supplier_1169,24,0.88
SUP0959,Supplier_959,13,0.83
SUP0502,Supplier_502,23,0.81
SUP0740,Supplier_740,13,0.97
SUP1850,Supplier_1850,8,0.73
SUP0869,Supplier_869,17,0.49
SUP0732,Supplier_732,7,0.66
SUP0540,Supplier_540,20,0.44
SUP1202,Supplier_1202,26,0.79
SUP0698,Supplier_698,29,0.15
SUP1393,Supplier_1393,17,0.82
SUP1377,Supplier_1377,10,0.17
SUP1146,Supplier_1146,24,0.7
SUP1032,Supplier_1032,30,0.28
SUP0373,Supplier_373,22,0.94
SUP0668,Supplier_668,18,0.85
SUP1526,Supplier_1526,1,0.3
SUP0358,Supplier_358,30,0.69
SUP0968,Supplier_968,17,0.31
SUP0784,Supplier_784,25,0.01
SUP0736,Supplier_736,5,0.51
SUP1036,Supplier_1036,17,0.9
SUP0971,Supplier_971,26,0.18
SUP1525,Supplier_1525,25,0.23
SUP1487,Supplier_1487,25,0.63
SUP1524,Supplier_1524,23,0.46
SUP1491,Supplier_1491,28,0.1
SUP1643,Supplier_1643,29,0.44
SUP1253,Supplier_1253,30,0.39
SUP1694,Supplier_1694,18,0.69
SUP1750,Supplier_1750,2,0.76
SUP1237,Supplier_1237,13,0.22
SUP0886,Supplier_886,11,0.37
SUP0080,Supplier_80,8,0.73
SUP1173,Supplier_1173,14,0.63
SUP0815,Supplier_815,18,0.15
SUP1286,Supplier_1286,19,0.14
SUP0672,Supplier_672,1,0.65
SUP1532,Supplier_1532,21,0.4
SUP0058,Supplier_58,7,0.04
SUP0134,Supplier_134,9,0.65
SUP1141,Supplier_1141,25,0.97
SUP0934,Supplier_934,17,0.04
SUP1685,Supplier_1685,23,0.91
SUP0824,Supplier_824,8,0.88
SUP1215,Supplier_1215,18,0.89
SUP0505,Supplier_505,18,0.42
SUP1775,Supplier_1775,6,0.64
SUP0348,Supplier_348,16,0.99
SUP0387,Supplier_387,16,0.83
SUP1025,Supplier_1025,27,0.09
SUP0895,Supplier_895,15,0.18
SUP0829,Supplier_829,20,0.31
SUP1893,Supplier_1893,18,0.34
SUP0476,Supplier_476,10,0.3
SUP1471,Supplier_1471,10,0.63
SUP1448,Supplier_1448,24,0.03
SUP1582,Supplier_1582,9,0.39
SUP0653,Supplier_653,24,0.3
SUP0173,Supplier_173,3,0.54
SUP1150,Supplier_1150,29,0.56
SUP0039,Supplier_39,27,0.6
SUP0714,Supplier_714,24,0.28
SUP0091,Supplier_91,6,0.19
SUP1937,Supplier_1937,3,0.07
SUP1206,Supplier_1206,17,0.23
SUP0876,Supplier_876,26,0.7
SUP1352,Supplier_1352,3,0.1
SUP1890,Supplier_1890,6,0.12
SUP1094,Supplier_1094,19,0.19
SUP1156,Supplier_1156,17,0.12
SUP1782,Supplier_1782,21,0.99
SUP1959,Supplier_1959,18,0.07
SUP0500,Supplier_500,29,0.85
SUP0339,Supplier_339,25,0.36
SUP1189,Supplier_1189,3,0.06
SUP0029,Supplier_29,28,0.12
SUP1218,Supplier_1218,15,0.6
SUP1400,Supplier_1400,8,0.46
SUP1821,Supplier_1821,5,0.88
SUP0946,Supplier_946,29,0.05
SUP0170,Supplier_170,27,0.71
SUP1405,Supplier_1405,6,0.91
SUP1198,Supplier_1198,25,0.16
SUP1254,Supplier_1254,30,0.73
SUP1614,Supplier_1614,15,0.78
SUP0913,Supplier_913,6,0.23
SUP0492,Supplier_492,17,0.17
SUP0954,Supplier_954,10,0.73
SUP1098,Supplier_1098,23,0.74
SUP1033,Supplier_1033,30,0.31
SUP0588,Supplier_588,1,0.34
SUP0751,Supplier_751,25,0.9
SUP0658,Supplier_658,24,0.27
SUP0235,Supplier_235,1,0.9
SUP0733,Supplier_733,24,0.8
SUP1989,Supplier_1989,25,0.55
SUP1633,Supplier_1633,19,0.45
SUP1157,Supplier_1157,3,0.07
SUP1470,Supplier_1470,30,0.34
SUP1425,Supplier_1425,1,0.49
SUP1628,Supplier_1628,23,0.72
SUP0935,Supplier_935,9,0.04
SUP1210,Supplier_1210,4,0.27
SUP1066,Supplier_1066,28,0.13
SUP0109,Supplier_109,23,0.38
SUP1543,Supplier_1543,3,0.59
SUP0569,Supplier_569,28,0.47
SUP1168,Supplier_1168,14,0.88
SUP1175,Supplier_1175,24,0.84
SUP0891,Supplier_891,19,0.3
SUP0948,Supplier_948,18,0.56
SUP1049,Supplier_1049,28,0.73
SUP1353,Supplier_1353,1,0.21
SUP1778,Supplier_1778,2,0.06
SUP1447,Supplier_1447,20,0.26
SUP0885,Supplier_885,21,0.24
SUP1673,Supplier_1673,20,0.64
SUP0851,Supplier_851,13,0.78
SUP0735,Supplier_735,30,0.04
SUP0718,Supplier_718,29,0.83
SUP0455,Supplier_455,6,0.38
SUP0265,Supplier_265,26,0.16
SUP0076,Supplier_76,28,0.57
SUP1658,Supplier_1658,3,0.29
SUP0445,Supplier_445,4,0.55
SUP0396,Supplier_396,2,0.67
SUP0177,Supplier_177,3,0.15
SUP1043,Supplier_1043,14,0.9
SUP1736,Supplier_1736,2,0.73
SUP1402,Supplier_1402,19,0.15
SUP1381,Supplier_1381,8,0.83
SUP0596,Supplier_596,16,0.87
SUP0062,Supplier_62,18,0.28
SUP1297,Supplier_1297,20,0.53
SUP0873,Supplier_873,6,0.32
SUP1490,Supplier_1490,8,0.01
SUP1879,Supplier_1879,30,0.13
SUP0279,Supplier_279,2,0.42
SUP0037,Supplier_37,25,0.22
SUP1976,Supplier_1976,18,0.1
SUP0663,Supplier_663,28,0.23
SUP1954,Supplier_1954,4,0.25
SUP1445,Supplier_1445,13,0.24
SUP0978,Supplier_978,1,0.98
SUP1572,Supplier_1572,11,0.28
SUP0739,Supplier_739,23,0.99
SUP0192,Supplier_192,19,0.23
SUP0920,Supplier_920,28,0.63
SUP0457,Supplier_457,28,0.48
SUP0676,Supplier_676,5,0.18
SUP0761,Supplier_761,19,0.48
SUP1808,Supplier_1808,4,0.4
SUP1603,Supplier_1603,17,0.13
SUP0729,Supplier_729,4,0.05
SUP0413,Supplier_413,3,0.88
SUP1099,Supplier_1099,16,0.81
SUP0826,Supplier_826,13,0.19
SUP1640,Supplier_1640,28,0.38
SUP0617,Supplier_617,29,0.57
SUP0115,Supplier_115,16,0.43
SUP0418,Supplier_418,27,0.65
SUP1911,Supplier_1911,26,0.78
SUP0970,Supplier_970,21,0.97
SUP0605,Supplier_605,5,0.63
SUP1919,Supplier_1919,16,0.71
SUP0090,Supplier_90,30,0.7
SUP0849,Supplier_849,3,0.39
SUP1520,Supplier_1520,26,0.82
SUP1918,Supplier_1918,19,0.5
SUP0754,Supplier_754,27,0.98
SUP0499,Supplier_499,7,0.73
SUP1277,Supplier_1277,6,0.4
SUP1326,Supplier_1326,1,0.51
SUP0012,Supplier_12,23,0.39
SUP0397,Supplier_397,22,0.58
SUP0285,Supplier_285,1,0.54
SUP1067,Supplier_1067,30,0.69
SUP1192,Supplier_1192,25,0.69
SUP1745,Supplier_1745,4,0.31
SUP0691,Supplier_691,19,0.06
SUP1753,Supplier_1753,11,0.84
SUP1876,Supplier_1876,17,0.36
SUP0690,Supplier_690,29,0.2
SUP0852,Supplier_852,18,0.22
SUP0160,Supplier_160,16,0.86
SUP0896,Supplier_896,9,0.69
SUP1576,Supplier_1576,18,0.27
SUP0258,Supplier_258,22,0.62
SUP0336,Supplier_336,1,0.36
SUP1880,Supplier_1880,16,0.56
SUP1040,Supplier_1040,15,0.17
SUP0516,Supplier_516,1,0.26
SUP1349,Supplier_1349,2,0.98
SUP1016,Supplier_1016,28,0.55
SUP0769,Supplier_769,26,0.52
SUP1747,Supplier_1747,26,0.46
SUP0762,Supplier_762,12,0.9
SUP1247,Supplier_1247,23,0.03
SUP1204,Supplier_1204,12,0.68
SUP1468,Supplier_1468,20,0.0
SUP1984,Supplier_1984,17,0.07
SUP0522,Supplier_522,19,0.68
SUP0023,Supplier_23,2,0.74
SUP0357,Supplier_357,16,0.58
SUP1278,Supplier_1278,19,0.32
SUP1313,Supplier_1313,6,0.59
SUP1683,Supplier_1683,7,0.98
SUP0341,Supplier_341,18,0.78
SUP0432,Supplier_432,27,0.76
SUP0474,Supplier_474,18,0.8
SUP0218,Supplier_218,21,0.78
SUP0912,Supplier_912,8,0.85
SUP1228,Supplier_1228,9,0.59
SUP1597,Supplier_1597,27,0.65
SUP1012,Supplier_1012,1,0.95
SUP1950,Supplier_1950,7,0.93
SUP0094,Supplier_94,4,0.47
SUP1009,Supplier_1009,13,0.66
SUP1071,Supplier_1071,17,0.21
SUP1093,Supplier_1093,11,0.74
SUP1915,Supplier_1915,21,0.84
SUP1309,Supplier_1309,13,0.4
SUP0697,Supplier_697,8,0.27
SUP1828,Supplier_1828,19,0.35
SUP0997,Supplier_997,5,0.11
SUP0154,Supplier_154,7,0.13
SUP1100,Supplier_1100,11,0.84
SUP1719,Supplier_1719,22,0.53
SUP1998,Supplier_1998,7,0.46
SUP0790,Supplier_790,7,0.54
SUP0581,Supplier_581,26,0.86
SUP0704,Supplier_704,19,0.61
SUP1213,Supplier_1213,9,0.27
SUP1296,Supplier_1296,1,0.69
SUP1666,Supplier_1666,24,0.06
SUP1261,Supplier_1261,8,0.95
SUP0488,Supplier_488,27,0.52
SUP0560,Supplier_560,30,0.63
SUP1142,Supplier_1142,15,0.13
SUP1120,Supplier_1120,18,0.76
SUP0802,Supplier_802,9,0.73
SUP0513,Supplier_513,4,0.23
SUP0634,Supplier_634,7,0.08
SUP1922,Supplier_1922,27,0.43
SUP1788,Supplier_1788,21,0.88
SUP1546,Supplier_1546,26,0.47
SUP1151,Supplier_1151,17,0.63
SUP0791,Supplier_791,14,0.64
SUP0117,Supplier_117,18,0.39
SUP0741,Supplier_741,23,0.94
SUP1691,Supplier_1691,4,0.72
SUP1082,Supplier_1082,24,0.31
SUP0831,Supplier_831,7,0.82
SUP0120,Supplier_120,24,0.79
SUP0657,Supplier_657,16,0.78
SUP1908,Supplier_1908,26,0.39
SUP0636,Supplier_636,1,0.12
SUP0370,Supplier_370,3,0.13
SUP0269,Supplier_269,7,0.54
SUP0656,Supplier_656,4,0.07
SUP0936,Supplier_936,1,0.28
SUP0823,Supplier_823,19,0.74
SUP0867,Supplier_867,25,0.7
SUP0047,Supplier_47,30,0.62
SUP1374,Supplier_1374,4,0.98
SUP1709,Supplier_1709,5,0.55
SUP0992,Supplier_992,3,0.86
SUP0877,Supplier_877,12,0.75
SUP0774,Supplier_774,3,0.6
SUP1220,Supplier_1220,2,0.24
SUP2000,Supplier_2000,5,0.55
SUP0005,Supplier_5,11,0.85
SUP1004,Supplier_1004,9,0.54
SUP1724,Supplier_1724,30,0.5
SUP0264,Supplier_264,17,0.04
SUP1570,Supplier_1570,17,0.88
SUP1831,Supplier_1831,11,0.46
SUP0444,Supplier_444,19,0.39
SUP1003,Supplier_1003,14,0.87
SUP1078,Supplier_1078,10,0.76
SUP0838,Supplier_838,19,0.84
SUP1791,Supplier_1791,26,0.84
SUP0305,Supplier_305,2,0.37
SUP1366,Supplier_1366,21,0.99
SUP1558,Supplier_1558,12,0.42
SUP0314,Supplier_314,27,0.66
SUP0150,Supplier_150,7,0.3
SUP1149,Supplier_1149,16,0.62
SUP1214,Supplier_1214,13,0.41
SUP0575,Supplier_575,19,0.77
SUP0051,Supplier_51,12,0.86
SUP1553,Supplier_1553,2,0.56
SUP0727,Supplier_727,3,0.99
SUP0834,Supplier_834,4,0.38
SUP1378,Supplier_1378,25,0.25
SUP1116,Supplier_1116,19,0.36
SUP1167,Supplier_1167,23,0.06
SUP0471,Supplier_471,23,0.52
SUP0972,Supplier_972,25,0.02
SUP0654,Supplier_654,5,0.43
SUP0400,Supplier_400,29,0.6
SUP0512,Supplier_512,25,0.31
SUP0321,Supplier_321,27,0.59
SUP0020,Supplier_20,3,0.6
SUP0685,Supplier_685,29,0.19
SUP0036,Supplier_36,12,0.63
SUP0903,Supplier_903,22,0.98
SUP1779,Supplier_1779,12,0.44
SUP0828,Supplier_828,22,0.66
SUP1854,Supplier_1854,3,0.61
SUP0408,Supplier_408,16,0.65
SUP0921,Supplier_921,4,0.05
SUP0538,Supplier_538,22,0.34
SUP0759,Supplier_759,29,0.07
SUP1905,Supplier_1905,7,0.31
SUP1063,Supplier_1063,1,1.0
SUP1200,Supplier_1200,7,0.95
SUP0246,Supplier_246,8,0.66
SUP1417,Supplier_1417,20,0.03
SUP1128,Supplier_1128,5,0.0
SUP0785,Supplier_785,7,0.99
SUP1743,Supplier_1743,11,0.85
SUP0490,Supplier_490,2,0.79
SUP0155,Supplier_155,9,0.87
SUP0962,Supplier_962,24,0.49
SUP0854,Supplier_854,30,0.66
SUP1312,Supplier_1312,1,0.86
SUP0626,Supplier_626,20,0.32
SUP0686,Supplier_686,13,0.62
SUP1562,Supplier_1562,24,0.12
SUP0570,Supplier_570,10,0.38
SUP1909,Supplier_1909,21,0.91
SUP0018,Supplier_18,8,0.98
SUP0128,Supplier_128,29,0.06
SUP1347,Supplier_1347,11,0.97
SUP1280,Supplier_1280,25,0.41
SUP1969,Supplier_1969,10,0.99
SUP0928,Supplier_928,28,0.13
SUP0981,Supplier_981,3,0.54
SUP1965,Supplier_1965,30,0.12
SUP0191,Supplier_191,13,0.56
SUP1140,Supplier_1140,26,0.03
SUP0993,Supplier_993,21,0.46
SUP1956,Supplier_1956,22,0.08
SUP1657,Supplier_1657,5,0.61
SUP0607,Supplier_607,29,0.53
SUP0181,Supplier_181,23,0.8
SUP0302,Supplier_302,24,0.41
SUP0497,Supplier_497,22,0.26
SUP1721,Supplier_1721,24,0.66
SUP1710,Supplier_1710,6,0.18
SUP1888,Supplier_1888,22,0.1
SUP1992,Supplier_1992,12,0.6
SUP0518,Supplier_518,14,0.06
SUP1985,Supplier_1985,29,0.61
SUP1070,Supplier_1070,19,0.82
SUP0477,Supplier_477,22,0.79
SUP0158,Supplier_158,2,0.73
SUP1244,Supplier_1244,21,0.53
SUP1196,Supplier_1196,10,0.14
SUP0017,Supplier_17,4,0.59
SUP1536,Supplier_1536,9,0.72
SUP1073,Supplier_1073,29,0.97
SUP1972,Supplier_1972,27,0.91
SUP0547,Supplier_547,5,0.68
SUP1540,Supplier_1540,21,0.19
SUP0659,Supplier_659,16,0.18
SUP1626,Supplier_1626,8,0.91
SUP1020,Supplier_1020,26,0.39
SUP1663,Supplier_1663,8,0.94
SUP1505,Supplier_1505,26,0.15
SUP0960,Supplier_960,5,0.79
SUP1882,Supplier_1882,19,0.71
SUP0284,Supplier_284,5,0.5
SUP0798,Supplier_798,11,0.32
SUP1627,Supplier_1627,29,0.27
SUP0226,Supplier_226,30,0.32
SUP0027,Supplier_27,6,0.23
SUP1771,Supplier_1771,22,0.95
SUP0438,Supplier_438,15,0.81
SUP1949,Supplier_1949,12,0.41
SUP1389,Supplier_1389,23,0.17
SUP0230,Supplier_230,28,0.82
SUP0038,Supplier_38,17,0.52
SUP0750,Supplier_750,16,0.51
SUP1046,Supplier_1046,19,0.6
SUP1399,Supplier_1399,21,0.79
SUP0470,Supplier_470,21,0.82
SUP1693,Supplier_1693,28,0.06
SUP1968,Supplier_1968,3,0.6
SUP0688,Supplier_688,14,0.83
SUP1844,Supplier_1844,8,0.01
SUP0640,Supplier_640,23,0.28
SUP1713,Supplier_1713,2,0.86
SUP1219,Supplier_1219,22,0.91
SUP1159,Supplier_1159,20,0.05
SUP1416,Supplier_1416,1,0.47
SUP1528,Supplier_1528,23,0.56
SUP1656,Supplier_1656,15,0.83
SUP1301,Supplier_1301,1,0.91
SUP1823,Supplier_1823,1,0.1
SUP0801,Supplier_801,12,0.54
SUP1604,Supplier_1604,13,0.74
SUP0161,Supplier_161,23,0.96
SUP0957,Supplier_957,18,0.88
SUP1187,Supplier_1187,26,0.03
SUP0822,Supplier_822,6,0.81
SUP1682,Supplier_1682,10,0.28
SUP0878,Supplier_878,13,0.98
SUP0914,Supplier_914,12,0.38
SUP0153,Supplier_153,28,0.23
SUP1871,Supplier_1871,29,0.27
SUP1777,Supplier_1777,8,0.03
SUP0510,Supplier_510,26,0.54
SUP1136,Supplier_1136,26,0.8
SUP1251,Supplier_1251,11,0.93
SUP1684,Supplier_1684,1,0.53
SUP0104,Supplier_104,14,0.19
SUP1446,Supplier_1446,24,0.31
SUP1444,Supplier_1444,4,0.3
SUP0587,Supplier_587,21,0.23
SUP1769,Supplier_1769,21,0.15
SUP1144,Supplier_1144,22,0.97
SUP0054,Supplier_54,25,0.27
SUP0152,Supplier_152,9,0.77
SUP0404,Supplier_404,4,0.75
SUP1943,Supplier_1943,5,0.25
SUP0208,Supplier_208,7,0.91
SUP1895,Supplier_1895,12,0.05
SUP1123,Supplier_1123,29,0.81
SUP1891,Supplier_1891,8,0.13
SUP0009,Supplier_9,7,0.91
SUP1015,Supplier_1015,2,0.56
SUP1907,Supplier_1907,23,0.51
SUP1061,Supplier_1061,25,0.73
SUP0453,Supplier_453,14,0.95
SUP0254,Supplier_254,12,0.72
SUP1328,Supplier_1328,9,0.65
SUP0897,Supplier_897,17,0.99
SUP1734,Supplier_1734,9,0.01
SUP0881,Supplier_881,15,0.52
SUP1596,Supplier_1596,19,0.73
SUP1889,Supplier_1889,16,0.8
SUP0624,Supplier_624,14,0.9
SUP0346,Supplier_346,7,0.54
SUP1703,Supplier_1703,3,0.35
SUP0263,Supplier_263,30,0.43
SUP1635,Supplier_1635,2,0.22
SUP1322,Supplier_1322,13,0.37
SUP1439,Supplier_1439,1,0.48
SUP0151,Supplier_151,26,0.84
SUP0473,Supplier_473,3,0.86
SUP0641,Supplier_641,26,0.85
SUP1983,Supplier_1983,30,0.52
SUP1883,Supplier_1883,8,0.17
SUP0551,Supplier_551,28,0.05
SUP1780,Supplier_1780,13,0.28
SUP0929,Supplier_929,5,0.4
SUP0489,Supplier_489,10,0.59
SUP1812,Supplier_1812,8,0.54
SUP1172,Supplier_1172,26,0.99
SUP0147,Supplier_147,27,0.85
SUP1705,Supplier_1705,23,0.96
SUP1929,Supplier_1929,3,0.23
SUP0403,Supplier_403,1,0.99
SUP0955,Supplier_955,24,0.55
SUP1878,Supplier_1878,12,0.63
SUP0660,Supplier_660,23,0.69
SUP1373,Supplier_1373,30,0.77
SUP0464,Supplier_464,21,0.53
SUP1350,Supplier_1350,12,0.53
SUP0187,Supplier_187,15,0.0
SUP1148,Supplier_1148,11,0.98
SUP1225,Supplier_1225,12,0.47
SUP0609,Supplier_609,3,0.14
SUP0144,Supplier_144,3,0.47
SUP0752,Supplier_752,22,0.78
SUP1535,Supplier_1535,21,0.82
SUP0982,Supplier_982,1,0.79
SUP0198,Supplier_198,30,0.98
SUP1634,Supplier_1634,14,0.27
SUP0884,Supplier_884,22,0.74
SUP0280,Supplier_280,2,0.85
SUP0294,Supplier_294,23,0.99
SUP1824,Supplier_1824,26,0.83
SUP0401,Supplier_401,9,0.32
SUP0123,Supplier_123,28,0.95
SUP1208,Supplier_1208,20,0.97
SUP0203,Supplier_203,15,0.97
SUP1463,Supplier_1463,4,0.79
SUP0836,Supplier_836,6,0.52
SUP0247,Supplier_247,27,0.55
SUP1440,Supplier_1440,22,1.0
SUP1754,Supplier_1754,6,0.78
SUP1902,Supplier_1902,15,0.67
SUP1708,Supplier_1708,5,0.76
SUP1881,Supplier_1881,24,0.78
SUP1154,Supplier_1154,1,0.45
SUP1662,Supplier_1662,15,0.71
SUP1427,Supplier_1427,5,0.56
SUP0385,Supplier_385,30,0.02
SUP1759,Supplier_1759,9,0.81
SUP0855,Supplier_855,26,0.0
SUP1590,Supplier_1590,17,0.19
SUP0220,Supplier_220,28,0.07
SUP0642,Supplier_642,10,0.0
SUP0002,Supplier_2,20,0.0
SUP0113,Supplier_113,8,0.28
SUP0699,Supplier_699,26,0.13
SUP1916,Supplier_1916,7,0.1
SUP0952,Supplier_952,25,0.09
SUP1649,Supplier_1649,24,0.57
SUP1637,Supplier_1637,1,0.86
SUP1886,Supplier_1886,23,0.16
SUP1411,Supplier_1411,10,0.04
SUP1410,Supplier_1410,8,0.46
SUP1534,Supplier_1534,9,0.88
SUP1292,Supplier_1292,22,0.53
SUP1809,Supplier_1809,17,0.76
SUP0442,Supplier_442,29,0.25
SUP1521,Supplier_1521,14,0.55
SUP1137,Supplier_1137,13,0.48
SUP1716,Supplier_1716,3,0.67
SUP1257,Supplier_1257,9,0.26
SUP1864,Supplier_1864,12,0.76
SUP1632,Supplier_1632,10,0.76
SUP1696,Supplier_1696,1,0.93
SUP1398,Supplier_1398,14,0.33
SUP0664,Supplier_664,27,0.23
SUP1836,Supplier_1836,11,0.55
SUP1258,Supplier_1258,23,0.67
SUP1774,Supplier_1774,25,0.48
SUP1701,Supplier_1701,10,0.3
SUP0318,Supplier_318,3,0.4
SUP0649,Supplier_649,26,0.21
SUP1435,Supplier_1435,10,0.44
SUP1480,Supplier_1480,11,0.4
SUP0710,Supplier_710,18,0.66
SUP1383,Supplier_1383,8,0.18
SUP1283,Supplier_1283,11,0.89
SUP0973,Supplier_973,22,0.72
SUP0628,Supplier_628,12,0.83
SUP0633,Supplier_633,21,0.23
SUP1307,Supplier_1307,11,0.39
SUP1401,Supplier_1401,8,0.73
SUP1409,Supplier_1409,19,0.35
SUP1249,Supplier_1249,4,0.04
SUP1953,Supplier_1953,17,0.61
SUP1255,Supplier_1255,24,0.88
SUP1497,Supplier_1497,4,0.48
SUP1372,Supplier_1372,26,0.97
SUP1530,Supplier_1530,8,0.92
SUP1664,Supplier_1664,2,0.6
SUP1355,Supplier_1355,22,0.41
SUP1926,Supplier_1926,30,0.96
SUP1901,Supplier_1901,26,0.76
SUP1644,Supplier_1644,8,0.33
SUP1849,Supplier_1849,11,0.31
SUP0796,Supplier_796,29,0.18
SUP0646,Supplier_646,2,0.39
SUP1013,Supplier_1013,17,0.56
SUP1840,Supplier_1840,2,0.36
SUP0557,Supplier_557,6,0.58
SUP0682,Supplier_682,10,0.79
SUP0578,Supplier_578,23,0.09
SUP1110,Supplier_1110,3,0.99
SUP1267,Supplier_1267,20,0.04
SUP1723,Supplier_1723,10,0.64
SUP1184,Supplier_1184,28,0.49
SUP0525,Supplier_525,28,0.72
SUP1060,Supplier_1060,20,0.12
SUP0541,Supplier_541,10,0.83
SUP1195,Supplier_1195,28,0.46
SUP1679,Supplier_1679,16,0.9
SUP0749,Supplier_749,20,0.08
SUP1852,Supplier_1852,25,0.42
SUP1431,Supplier_1431,30,0.36
SUP0485,Supplier_485,22,0.11
SUP1758,Supplier_1758,4,0.05
SUP0096,Supplier_96,29,0.01
SUP1021,Supplier_1021,2,0.8
SUP0564,Supplier_564,8,0.42
SUP1265,Supplier_1265,6,0.72
SUP0743,Supplier_743,3,0.35
SUP0864,Supplier_864,13,0.72
SUP1599,Supplier_1599,19,0.75
SUP1715,Supplier_1715,12,0.9
SUP1485,Supplier_1485,30,0.31
SUP0892,Supplier_892,20,0.17
SUP1578,Supplier_1578,17,0.63
SUP1039,Supplier_1039,23,0.56
SUP0207,Supplier_207,13,0.95
SUP0393,Supplier_393,18,0.6
SUP0795,Supplier_795,23,0.56
SUP0871,Supplier_871,24,0.6
SUP0398,Supplier_398,3,0.35
SUP0767,Supplier_767,20,0.49
SUP1842,Supplier_1842,9,0.2
SUP1242,Supplier_1242,21,0.28
SUP1029,Supplier_1029,22,0.09
SUP1793,Supplier_1793,2,0.23
SUP0643,Supplier_643,22,0.02
SUP1892,Supplier_1892,25,0.85
SUP0613,Supplier_613,19,0.02
SUP1763,Supplier_1763,5,0.25
SUP0961,Supplier_961,23,0.62
SUP1571,Supplier_1571,29,0.18
SUP0726,Supplier_726,17,0.11
SUP0684,Supplier_684,12,0.68
SUP0099,Supplier_99,12,0.91
SUP0805,Supplier_805,12,0.09
SUP1752,Supplier_1752,5,0.6
SUP1598,Supplier_1598,24,0.8
SUP0407,Supplier_407,21,0.11
SUP0503,Supplier_503,26,0.77
SUP1072,Supplier_1072,5,0.38
SUP1057,Supplier_1057,27,0.32
SUP0930,Supplier_930,9,0.92
SUP0780,Supplier_780,4,0.27
SUP0201,Supplier_201,7,0.68
SUP0135,Supplier_135,24,0.59
SUP1052,Supplier_1052,18,0.8
SUP0041,Supplier_41,10,0.26
SUP1018,Supplier_1018,7,0.34
SUP0231,Supplier_231,25,0.04
SUP1514,Supplier_1514,11,0.42
SUP1797,Supplier_1797,1,0.22
SUP0379,Supplier_379,17,0.23
SUP0289,Supplier_289,2,0.4
SUP0419,Supplier_419,19,0.33
SUP1699,Supplier_1699,20,0.04
SUP0392,Supplier_392,29,0.92
SUP0593,Supplier_593,2,0.83
SUP1523,Supplier_1523,22,0.53
SUP1163,Supplier_1163,22,0.07
SUP1087,Supplier_1087,2,0.24
SUP1496,Supplier_1496,16,0.24
SUP0648,Supplier_648,10,0.19
SUP1153,Supplier_1153,4,0.64
SUP1368,Supplier_1368,5,0.09
SUP0521,Supplier_521,12,0.6
SUP1863,Supplier_1863,2,0.22
SUP0065,Supplier_65,28,0.7
SUP1837,Supplier_1837,2,0.53
SUP0015,Supplier_15,24,0.8
SUP1181,Supplier_1181,14,0.66
SUP1065,Supplier_1065,15,0.66
SUP0493,Supplier_493,8,0.36
SUP0380,Supplier_380,8,0.96
SUP0188,Supplier_188,26,0.6
SUP0764,Supplier_764,7,0.13
SUP0217,Supplier_217,25,0.35
SUP0792,Supplier_792,26,0.22
SUP1077,Supplier_1077,17,0.11
SUP0879,Supplier_879,13,0.21
SUP0338,Supplier_338,28,0.61
SUP1773,Supplier_1773,27,0.51
SUP0720,Supplier_720,4,0.39
SUP1749,Supplier_1749,13,0.96
SUP0296,Supplier_296,23,0.36
SUP1726,Supplier_1726,27,0.95
SUP1017,Supplier_1017,8,0.09
SUP1276,Supplier_1276,24,0.9
SUP1751,Supplier_1751,23,0.86
SUP1486,Supplier_1486,18,0.55
SUP0456,Supplier_456,3,0.2
SUP1997,Supplier_1997,25,0.7
SUP0816,Supplier_816,27,0.09
SUP1887,Supplier_1887,5,0.18
SUP0270,Supplier_270,2,0.49
SUP0996,Supplier_996,21,0.79
SUP0202,Supplier_202,13,0.4
SUP0162,Supplier_162,23,0.76
SUP1580,Supplier_1580,17,0.1
SUP0730,Supplier_730,18,0.04
SUP0402,Supplier_402,4,0.87
SUP0703,Supplier_703,2,0.81
SUP1501,Supplier_1501,8,0.21
SUP1846,Supplier_1846,1,0.88
SUP1796,Supplier_1796,11,0.68
SUP1130,Supplier_1130,12,0.39
SUP0566,Supplier_566,16,0.0
SUP1414,Supplier_1414,15,0.06
SUP1022,Supplier_1022,22,0.37
SUP1026,Supplier_1026,18,0.44
SUP1412,Supplier_1412,20,0.75
SUP1896,Supplier_1896,15,0.14
SUP1586,Supplier_1586,22,0.63
SUP1105,Supplier_1105,8,0.31
SUP0206,Supplier_206,4,0.76
SUP0035,Supplier_35,29,0.8
SUP0776,Supplier_776,25,0.38
SUP0509,Supplier_509,28,0.47
SUP1452,Supplier_1452,5,0.76
SUP1479,Supplier_1479,14,0.1
SUP1971,Supplier_1971,30,0.94
SUP1391,Supplier_1391,1,1.0
SUP0092,Supplier_92,22,0.88
SUP1364,Supplier_1364,30,0.47
SUP0898,Supplier_898,14,0.75
SUP0565,Supplier_565,20,0.82
SUP1370,Supplier_1370,27,0.15
SUP0777,Supplier_777,20,0.55
SUP0242,Supplier_242,9,0.63
SUP0014,Supplier_14,11,0.96
SUP0316,Supplier_316,16,0.65
SUP0601,Supplier_601,1,0.39
SUP0388,Supplier_388,30,0.86
SUP1298,Supplier_1298,17,0.45
SUP0167,Supplier_167,12,0.75
SUP0841,Supplier_841,22,0.75
SUP0021,Supplier_21,22,0.9
SUP0647,Supplier_647,20,0.56
SUP1843,Supplier_1843,9,0.2
SUP1509,Supplier_1509,29,0.84
SUP1155,Supplier_1155,8,0.22
SUP1529,Supplier_1529,19,0.12
SUP0832,Supplier_832,25,0.61
SUP1268,Supplier_1268,28,0.87
SUP1591,Supplier_1591,7,0.55
SUP1900,Supplier_1900,13,0.12
SUP0563,Supplier_563,23,0.41
SUP1952,Supplier_1952,24,0.88
SUP0687,Supplier_687,12,0.32
SUP0958,Supplier_958,27,0.39
SUP0190,Supplier_190,28,0.25
SUP1807,Supplier_1807,11,0.85
SUP0976,Supplier_976,17,0.68
SUP0700,Supplier_700,10,0.86
SUP1500,Supplier_1500,5,0.67
SUP1706,Supplier_1706,12,0.62
SUP0511,Supplier_511,7,0.18
SUP1083,Supplier_1083,5,0.25
SUP0475,Supplier_475,25,0.18
SUP1585,Supplier_1585,22,0.11
SUP0857,Supplier_857,28,0.03
SUP0748,Supplier_748,30,0.42
SUP0253,Supplier_253,10,0.44
SUP0022,Supplier_22,21,0.99
SUP1338,Supplier_1338,17,0.6
SUP0460,Supplier_460,24,0.62
SUP1185,Supplier_1185,13,0.74
SUP0277,Supplier_277,27,0.17
SUP0956,Supplier_956,30,0.13
SUP1216,Supplier_1216,15,0.0
SUP0386,Supplier_386,3,0.24
SUP0806,Supplier_806,17,0.97
SUP1438,Supplier_1438,10,0.81
SUP1516,Supplier_1516,1,0.19
SUP0344,Supplier_344,10,0.86
SUP0770,Supplier_770,15,0.62
SUP1333,Supplier_1333,24,0.52
SUP1686,Supplier_1686,21,0.16
SUP0131,Supplier_131,1,0.99
SUP1688,Supplier_1688,16,0.81
SUP0872,Supplier_872,1,0.02
SUP1124,Supplier_1124,22,0.06
SUP1397,Supplier_1397,2,0.3
SUP0088,Supplier_88,4,0.93
SUP1483,Supplier_1483,13,0.69
SUP0331,Supplier_331,1,0.15
SUP1239,Supplier_1239,5,0.04
SUP0467,Supplier_467,1,0.72
SUP0122,Supplier_122,25,0.77
SUP1639,Supplier_1639,23,0.08
SUP1045,Supplier_1045,11,0.51
SUP1725,Supplier_1725,24,0.41
SUP1096,Supplier_1096,25,0.44
SUP1131,Supplier_1131,26,0.38
SUP1295,Supplier_1295,20,0.82
SUP0861,Supplier_861,7,0.4
SUP1460,Supplier_1460,19,0.33
SUP1127,Supplier_1127,1,0.87
